stat,value
n_obs,168.0
n_params,9.0
logLik,-166.129454621479
AIC,350.258909242958
BIC,378.3745850575873
