stat,value
n_obs,168.0
n_params,9.0
logLik,-157.73443699767387
AIC,333.46887399534774
BIC,361.58454980997703
