stat,value
n_obs,168.0
n_params,9.0
logLik,-157.73443698529977
AIC,333.46887397059953
BIC,361.5845497852289
