stat,value
n_obs,168.0
n_params,8.0
logLik,-153.12495264044114
AIC,322.2499052808823
BIC,347.24161711610833
