stat,value
n_obs,168.0
n_params,9.0
logLik,-155.1486700687639
AIC,328.2973401375278
BIC,356.41301595215714
