stat,value
n_obs,168.0
n_params,9.0
logLik,-155.14190052243976
AIC,328.2838010448795
BIC,356.3994768595088
