stat,value
n_obs,168.0
n_params,9.0
logLik,-166.12262715582406
AIC,350.2452543116481
BIC,378.3609301262775
