stat,value
n_obs,168.0
n_params,9.0
logLik,-166.11238383149825
AIC,350.2247676629965
BIC,378.34044347762585
