stat,value
n_obs,168.0
n_params,9.0
logLik,-153.56289712312105
AIC,325.1257942462421
BIC,353.2414700608714
